{
  "lang":"en",
  "name":"pipeline",
  "version":"0.0.0",
  "spacy_version":">=3.7.1,<3.8.0",
  "description":"",
  "author":"",
  "email":"",
  "url":"",
  "license":"",
  "spacy_git_version":"9d036607f",
  "vectors":{
    "width":0,
    "vectors":0,
    "keys":0,
    "name":null,
    "mode":"default"
  },
  "labels":{
    "tok2vec":[

    ],
    "ner":[
      "ACHEIVEMENTS",
      "ACHIEVEMENTS",
      "ADDRESS",
      "CERTIFICATIONS",
      "EDUCATION",
      "EMAIL",
      "EXTRA CIRCULAR",
      "EXTRA CURRICULAR",
      "GPA/PERCENTAGE",
      "GRADUATION",
      "INTERNSHIP",
      "JOB ROLE",
      "LINKEDIN/GITHUB",
      "NAME",
      "ONLINE PROFILES",
      "PERCENTAGE",
      "PROGRAMMING",
      "PROJECTS",
      "SKILLS",
      "TECHNOLOGICS",
      "TECHNOLOGIES",
      "TECHNOLOGIES ",
      "UNIVERSITY/COLLEGE",
      "WEB TECHNOLOGIES",
      "WORK EXPERIANCE",
      "WORK EXPERIENCE"
    ]
  },
  "pipeline":[
    "tok2vec",
    "ner"
  ],
  "components":[
    "tok2vec",
    "ner"
  ],
  "disabled":[

  ],
  "performance":{
    "ents_f":0.0860685631,
    "ents_p":0.1778894472,
    "ents_r":0.0567671584,
    "ents_per_type":{
      "EMAIL":{
        "p":0.9523809524,
        "r":0.7142857143,
        "f":0.8163265306
      },
      "GRADUATION":{
        "p":0.4431818182,
        "r":0.3823529412,
        "f":0.4105263158
      },
      "SKILLS":{
        "p":0.258322237,
        "r":0.0573116691,
        "f":0.0938104449
      },
      "NAME":{
        "p":0.8333333333,
        "r":0.3043478261,
        "f":0.4458598726
      },
      "ADDRESS":{
        "p":0.0862068966,
        "r":0.0255102041,
        "f":0.0393700787
      },
      "WORK EXPERIENCE":{
        "p":0.0,
        "r":0.0,
        "f":0.0
      },
      "ACHIEVEMENTS":{
        "p":0.25,
        "r":0.0571428571,
        "f":0.0930232558
      },
      "EXTRA CURRICULAR":{
        "p":0.0588235294,
        "r":0.0454545455,
        "f":0.0512820513
      },
      "CERTIFICATIONS":{
        "p":0.0322580645,
        "r":0.0149253731,
        "f":0.0204081633
      },
      "PROJECTS":{
        "p":0.0,
        "r":0.0,
        "f":0.0
      },
      "JOB ROLE":{
        "p":0.3561643836,
        "r":0.0776119403,
        "f":0.1274509804
      },
      "TECHNOLOGIES":{
        "p":0.0283353011,
        "r":0.0165745856,
        "f":0.0209150327
      },
      "PERCENTAGE":{
        "p":0.25,
        "r":0.0526315789,
        "f":0.0869565217
      },
      "ONLINE PROFILES":{
        "p":0.75,
        "r":0.4,
        "f":0.5217391304
      }
    },
    "tok2vec_loss":4076.6477908492,
    "ner_loss":9501.225997884
  }
}